name,category,url,photos
A broken laptop computer sitting on top of a table,laptop assembly ssd upgrade ssd grey computer hardware electronics hardware computer computer keyboard adapter phone cell phone mobile phone printed circuit board Free images,https://unsplash.com/photos/a-broken-laptop-computer-sitting-on-top-of-a-table-rMSYJWOIgMw,https://images.unsplash.com/photo-1721332153282-3be1f363074d?fm=jpg&q=60&w=3000&ixlib=rb-4.0.3&ixid=M3wxMjA3fDB8MHxwaG90by1wYWdlfHx8fGVufDB8fHx8fA%3D%3D
A close up of a colorful wall with eyeballs,geometric shapes cartoon render digital image 3d cartoon style conceptual 3d renders playful art artistic Creative Images colorful Hq Background Images HD Wallpapers digital render digital art minimalist digital minimalism 3d image Public domain images,https://unsplash.com/photos/a-close-up-of-a-colorful-wall-with-eyeballs-VDWr1t__GWg,https://plus.unsplash.com/premium_photo-1732776567082-cbcd94f49316?fm=jpg&q=60&w=3000&ixlib=rb-4.0.3&ixid=M3wxMjA3fDB8MHxwaG90by1wYWdlfHx8fGVufDB8fHx8fA%3D%3D
A close up of a green and orange chamelon,animal wildlife Hq Background Images HD Wallpapers lizard reptile calming pensive cool camouflage nature sad green eyes peace colourful colour colorful color calm HD Wallpapers,https://unsplash.com/photos/a-close-up-of-a-green-and-orange-chamelon-DO0lQFlzGeM,https://images.unsplash.com/photo-1732572854523-f330af9a72ee?fm=jpg&q=60&w=3000&ixlib=rb-4.0.3&ixid=M3wxMjA3fDB8MHxwaG90by1wYWdlfHx8fGVufDB8fHx8fA%3D%3D
An aerial view of a beach and ocean,playa bonita las terrenas dominican republic beach background drone background drone view nature ocean outdoors sea water shoreline coast aerial view Backgrounds,https://unsplash.com/photos/an-aerial-view-of-a-beach-and-ocean-muFYk4gk0mM,https://images.unsplash.com/photo-1732631592378-f5c20fcc775f?fm=jpg&q=60&w=3000&ixlib=rb-4.0.3&ixid=M3wxMjA3fDB8MHxwaG90by1wYWdlfHx8fGVufDB8fHx8fA%3D%3D
A man holding a small white object in his hands,memory card microsdcard brown adult human male man person toy Creative Commons images,https://unsplash.com/photos/a-man-holding-a-small-white-object-in-his-hands-vsZAIJqQqdo,https://images.unsplash.com/photo-1719937051230-8798ae2ebe86?fm=jpg&q=60&w=3000&ixlib=rb-4.0.3&ixid=M3wxMjA3fDB8MHxwaG90by1wYWdlfHx8fGVufDB8fHx8fA%3D%3D
A blue and yellow building with clothes hanging out to dry,street photography city town urban lamp building arrow canopy window awning HD Wallpapers,https://unsplash.com/photos/a-blue-and-yellow-building-with-clothes-hanging-out-to-dry-WP4tz0LKeBQ,https://images.unsplash.com/photo-1732279446331-c88852566f83?fm=jpg&q=60&w=3000&ixlib=rb-4.0.3&ixid=M3wxMjA3fDB8MHxwaG90by1wYWdlfHx8fGVufDB8fHx8fA%3D%3D
A vitamin C pill,immune support capsules capsule vitamins wellness selfcare healthy living supplements Backgrounds,https://unsplash.com/photos/a-vitamin-c-pill-dXqP6T-r9R0,https://plus.unsplash.com/premium_photo-1732104312846-d4feffdc5ba2?fm=jpg&q=60&w=3000&ixlib=rb-4.0.3&ixid=M3wxMjA3fDB8MHxwaG90by1wYWdlfHx8fGVufDB8fHx8fA%3D%3D
A child's play area with a painted mural of a boy sitting on a,play area outdoor play area outdoors playground boy child human kid male person shoe tree face head Public domain images,https://unsplash.com/photos/a-childs-play-area-with-a-painted-mural-of-a-boy-sitting-on-a-9cnBoji1Rc4,https://images.unsplash.com/photo-1732279446743-324499ebbeba?fm=jpg&q=60&w=3000&ixlib=rb-4.0.3&ixid=M3wxMjA3fDB8MHxwaG90by1wYWdlfHx8fGVufDB8fHx8fA%3D%3D
A blurry photo of a tree with a bird perched on top of it,experimental vegetation nature outdoors sky tree forest grove land woodland weather cloud leaf landscape jungle scenery night silhouette fog rainforest Free images,https://unsplash.com/photos/a-blurry-photo-of-a-tree-with-a-bird-perched-on-top-of-it-UAt61Yf2WD4,https://images.unsplash.com/photo-1732221469856-c8be04dda990?fm=jpg&q=60&w=3000&ixlib=rb-4.0.3&ixid=M3wxMjA3fDB8MHxwaG90by1wYWdlfHx8fGVufDB8fHx8fA%3D%3D
A man and a woman walking down a street,street photography city road street town urban adult female human person woman alley alleyway accessories accessory bag handbag pedestrian shoe photobombing Free images,https://unsplash.com/photos/a-man-and-a-woman-walking-down-a-street-hhXZ1K8Y_hA,https://images.unsplash.com/photo-1732279446373-18714789f2ff?fm=jpg&q=60&w=3000&ixlib=rb-4.0.3&ixid=M3wxMjA3fDB8MHxwaG90by1wYWdlfHx8fGVufDB8fHx8fA%3D%3D
A woman sitting on the floor looking at her cell phone,night at home night in friends friendship night out party generation z gen-z Free images,https://unsplash.com/photos/a-woman-sitting-on-the-floor-looking-at-her-cell-phone-E-OdrK2aCBs,https://plus.unsplash.com/premium_photo-1732115973201-6aac974f4eb8?fm=jpg&q=60&w=3000&ixlib=rb-4.0.3&ixid=M3wxMjA3fDB8MHxwaG90by1wYWdlfHx8fGVufDB8fHx8fA%3D%3D
A santa clause figurine sitting in front of a christmas tree,hà nội hanoi vietnam christmas christmas background holiday santa claus white noel tree christmas tree christmas decorations festival outdoors window windowsill nature snow Creative Commons images,https://unsplash.com/photos/a-santa-clause-figurine-sitting-in-front-of-a-christmas-tree-zrMWRdHKunI,https://images.unsplash.com/photo-1732262548234-26a40c225b23?fm=jpg&q=60&w=3000&ixlib=rb-4.0.3&ixid=M3wxMjA3fDB8MHxwaG90by1wYWdlfHx8fGVufDB8fHx8fA%3D%3D
A group of birds flying over a desert,nature outdoors desert sky horizon sword sand Free stock photos,https://unsplash.com/photos/a-group-of-birds-flying-over-a-desert-1qddD4SgrwE,https://images.unsplash.com/photo-1732113229552-6f7a005e4152?fm=jpg&q=60&w=3000&ixlib=rb-4.0.3&ixid=M3wxMjA3fDB8MHxwaG90by1wYWdlfHx8fGVufDB8fHx8fA%3D%3D
A woman walking down a sidewalk next to a window,film photography pittsburgh pa usa analog photography analog photo shot on film analogue photo film photo analogue photography people archicture fall aesthetic fall film female girl human person teen Creative Commons images,https://unsplash.com/photos/a-woman-walking-down-a-sidewalk-next-to-a-window-xfTsHZ1BXZ8,https://images.unsplash.com/photo-1731963914155-d22942204d3d?fm=jpg&q=60&w=3000&ixlib=rb-4.0.3&ixid=M3wxMjA3fDB8MHxwaG90by1wYWdlfHx8fGVufDB8fHx8fA%3D%3D
A person is holding a micro device in their hand,memory card microsdcard electronics text computer cell phone mobile phone phone Creative Commons images,https://unsplash.com/photos/a-person-is-holding-a-micro-device-in-their-hand-XmKxbgRc-bs,https://images.unsplash.com/photo-1720048171209-71f6fc3d7ea4?fm=jpg&q=60&w=3000&ixlib=rb-4.0.3&ixid=M3wxMjA3fDB8MHxwaG90by1wYWdlfHx8fGVufDB8fHx8fA%3D%3D
A living room with a large window and a rug on the floor,surreal futuristic render 3d fantasy digital image futuristic design fantasy setting fantasty world otherworldly escapism imaginary interior 3d render digital panorama universe concept HD Wallpapers scene Public domain images,https://unsplash.com/photos/a-living-room-with-a-large-window-and-a-rug-on-the-floor-gpT4ewNbtS8,https://plus.unsplash.com/premium_photo-1732025157823-2fe37a94fcd2?fm=jpg&q=60&w=3000&ixlib=rb-4.0.3&ixid=M3wxMjA3fDB8MHxwaG90by1wYWdlfHx8fGVufDB8fHx8fA%3D%3D
A bunch of umbrellas that are hanging in the air,foshan guangdong province china canopy umbrella wheel blossom flower human person HD Wallpapers,https://unsplash.com/photos/a-bunch-of-umbrellas-that-are-hanging-in-the-air-5vlBUky2Uvw,https://images.unsplash.com/photo-1731927321922-1df90db6a286?fm=jpg&q=60&w=3000&ixlib=rb-4.0.3&ixid=M3wxMjA3fDB8MHxwaG90by1wYWdlfHx8fGVufDB8fHx8fA%3D%3D
A close up of a white sculpture with curved lines,Hq Background Images HD Wallpapers digital image render pattern texture Hq Background Images HD Wallpapers 3d render 3d abstract neutral color neutral beige dreamy bright white Public domain images,https://unsplash.com/photos/a-close-up-of-a-white-sculpture-with-curved-lines-XJaPe_QIGYM,https://images.unsplash.com/photo-1731770207534-4411fd273c9e?fm=jpg&q=60&w=3000&ixlib=rb-4.0.3&ixid=M3wxMjA3fDB8MHxwaG90by1wYWdlfHx8fGVufDB8fHx8fA%3D%3D
A person walking on the beach at sunset,nature konaklı alanya/antalya türkiye outdoors sky horizon ocean sea water scenery beach coast shoreline Backgrounds,https://unsplash.com/photos/a-person-walking-on-the-beach-at-sunset-tWWdVrUSeik,https://images.unsplash.com/photo-1731354233513-60e9edaddc5d?fm=jpg&q=60&w=3000&ixlib=rb-4.0.3&ixid=M3wxMjA3fDB8MHxwaG90by1wYWdlfHx8fGVufDB8fHx8fA%3D%3D
a woman in a yellow dress leaning against a wall,summer dress photoshoot summer generation z shadows woman fashion yellow dress gen-z genz gen z sunshine Free images,https://unsplash.com/photos/a-woman-in-a-yellow-dress-leaning-against-a-wall-2RYAWR9KrOs,https://plus.unsplash.com/premium_photo-1664871748707-b30a413ad7bc?fm=jpg&q=60&w=3000&ixlib=rb-4.0.3&ixid=M3wxMjA3fDB8MHxwaG90by1wYWdlfHx8fGVufDB8fHx8fA%3D%3D
Two people reaching up into the air to catch a frisbee,wellness toronto on canada spirituality yoga sunrise cozy moment hands hand human person finger woman adult female skin arm wrist Free stock photos,https://unsplash.com/photos/two-people-reaching-up-into-the-air-to-catch-a-frisbee-G56XL64sBSI,https://images.unsplash.com/photo-1732164975329-e61d77af4f3c?fm=jpg&q=60&w=3000&ixlib=rb-4.0.3&ixid=M3wxMjA3fDB8MHxwaG90by1wYWdlfHx8fGVufDB8fHx8fA%3D%3D
A close up of a plant with yellow flowers,saguaro national park arizona usa plant cactus animal nature ocean outdoors reef sea sea life water Backgrounds,https://unsplash.com/photos/a-close-up-of-a-plant-with-yellow-flowers-6bCBGPtNJU4,https://images.unsplash.com/photo-1732692695680-f4c37b5bbbea?fm=jpg&q=60&w=3000&ixlib=rb-4.0.3&ixid=M3wxMjA3fDB8MHxwaG90by1wYWdlfHx8fGVufDB8fHx8fA%3D%3D
A blurry photo of a cell phone with a blurry background,Hq Background Images HD Wallpapers art 4K Images 3d art 3d render 3d render digital abstract digital art digital image blender abstract art Hq Background Images 8k wallpaper floor graphics texture text Public domain images,https://unsplash.com/photos/a-blurry-photo-of-a-cell-phone-with-a-blurry-background-okD3TQxIXxw,https://images.unsplash.com/photo-1732029062012-9030cfd21549?fm=jpg&q=60&w=3000&ixlib=rb-4.0.3&ixid=M3wxMjA3fDB8MHxwaG90by1wYWdlfHx8fGVufDB8fHx8fA%3D%3D
A white cake with sprinkles on a pink cake stand,birthday cake celebration candles cake party studio shoot conceptual Public domain images,https://unsplash.com/photos/a-white-cake-with-sprinkles-on-a-pink-cake-stand-QyaaG0nye40,https://plus.unsplash.com/premium_photo-1731951688289-1de7eb23bdd1?fm=jpg&q=60&w=3000&ixlib=rb-4.0.3&ixid=M3wxMjA3fDB8MHxwaG90by1wYWdlfHx8fGVufDB8fHx8fA%3D%3D
