Название,Цена,URL
Брюки 550537,1008 руб.,https://shop.april-group.ru/catalog/novinki/1210305.html
Лонгслив 548976,1026 руб.,https://shop.april-group.ru/catalog/novinki/1210101.html
Легинсы 551949,342 руб.,https://shop.april-group.ru/catalog/novinki/1210141.html
Платье 547659,936 руб.,https://shop.april-group.ru/catalog/novinki/1210153.html
2легинсов 551000,1044 руб.,https://shop.april-group.ru/catalog/novinki/1210144.html
Платье 551027,774 руб.,https://shop.april-group.ru/catalog/novinki/1210310.html
Лонгслив 548964,882 руб.,https://shop.april-group.ru/catalog/novinki/1210145.html
Лонгслив 551605,954 руб.,https://shop.april-group.ru/catalog/novinki/1210140.html
Платье 551894,3294 руб.,https://shop.april-group.ru/catalog/novinki/1210043.html
Платье 551618,1062 руб.,https://shop.april-group.ru/catalog/novinki/1210317.html
Платье 551228,1926 руб.,https://shop.april-group.ru/catalog/novinki/1210037.html
Платье 551619,1062 руб.,https://shop.april-group.ru/catalog/novinki/1210041.html
Платье 550977,936 руб.,https://shop.april-group.ru/catalog/novinki/1210149.html
Футболка 552198,1069 руб.,https://shop.april-group.ru/catalog/novinki/1210138.html
2брюк 550423,1296 руб.,https://shop.april-group.ru/catalog/novinki/1210142.html
Лонгслив 548970,882 руб.,https://shop.april-group.ru/catalog/novinki/1210146.html
Платье 551233,1872 руб.,https://shop.april-group.ru/catalog/novinki/1210316.html
Платье 551622,954 руб.,https://shop.april-group.ru/catalog/novinki/1210042.html
Платье 552266,1458 руб.,https://shop.april-group.ru/catalog/novinki/1210148.html
Лонгслив 548974,1026 руб.,https://shop.april-group.ru/catalog/novinki/1210147.html
2легинсов 548023,1116 руб.,https://shop.april-group.ru/catalog/novinki/1210036.html
Платье 551230,1926 руб.,https://shop.april-group.ru/catalog/novinki/1210039.html
2футболки 552273,1008 руб.,https://shop.april-group.ru/catalog/novinki/1210100.html
"Свитшот, брюки 550595",1800 руб.,https://shop.april-group.ru/catalog/novinki/1210308.html
Лонгслив 551641,630 руб.,https://shop.april-group.ru/catalog/novinki/1210045.html
Поло 548485,1512 руб.,https://shop.april-group.ru/catalog/novinki/1204022.html
Платье 551617,1062 руб.,https://shop.april-group.ru/catalog/novinki/1210150.html
Платье 551849,1062 руб.,https://shop.april-group.ru/catalog/novinki/1210151.html
Платье 551231,1926 руб.,https://shop.april-group.ru/catalog/novinki/1210040.html
Лонгслив 550982,1062 руб.,https://shop.april-group.ru/catalog/novinki/1210046.html
Лонгслив 551642,630 руб.,https://shop.april-group.ru/catalog/novinki/1210315.html
Брюки 550021,1422 руб.,https://shop.april-group.ru/catalog/novinki/1210155.html
2легинсов 547947,1044 руб.,https://shop.april-group.ru/catalog/novinki/1210044.html
Платье 551229,1926 руб.,https://shop.april-group.ru/catalog/novinki/1210038.html
"Футболка, легинсы 549896",1143 руб.,https://shop.april-group.ru/catalog/novinki/1210309.html
Легинсы 543776,558 руб.,https://shop.april-group.ru/catalog/novinki/1210143.html
Лонгслив 549393,1296 руб.,https://shop.april-group.ru/catalog/novinki/1210152.html
Футболка 550876,612 руб.,https://shop.april-group.ru/catalog/novinki/1210102.html
Футболка 552201,1069 руб.,https://shop.april-group.ru/catalog/novinki/1210139.html
"Свитшот, брюки 549297",1512 руб.,https://shop.april-group.ru/catalog/novinki/1210137.html
Футболка 550877,738 руб.,https://shop.april-group.ru/catalog/novinki/1210103.html
Футболка 549587,702 руб.,https://shop.april-group.ru/catalog/novinki/1210292.html
Лонгслив 551390,1116 руб.,https://shop.april-group.ru/catalog/novinki/1210314.html
Платье 551850,1062 руб.,https://shop.april-group.ru/catalog/novinki/1210318.html
2легинсов 547933,1044 руб.,https://shop.april-group.ru/catalog/novinki/1210154.html
Футболка 552199,1069 руб.,https://shop.april-group.ru/catalog/novinki/1210104.html
"Лонгслив, легинсы 551726",1440 руб.,https://shop.april-group.ru/catalog/novinki/1210311.html
Лонгслив 550571,1170 руб.,https://shop.april-group.ru/catalog/novinki/1210156.html
"Свитшот, брюки 550593",1530 руб.,https://shop.april-group.ru/catalog/novinki/1210307.html
